,Gene,logFC_prot,padj_prot,logFC_tr,padj_tr
0,ric,1.82127869229872,2.67613290413872e-14,1.92259484739293,2.89559373500959e-138
1,BACUNI_04254,-1.23902835699469,2.8456527464407703e-14,-1.15481406553657,0.0004804939010296
2,hemD,-1.31607079981841,2.87516860624981e-14,-2.15246336209718,9.30998815683632e-203
3,BACUNI_01594,1.51189909476875,2.87516860624981e-14,1.96275122853778,6.53546840294389e-38
4,aspT,1.48706605827068,2.9847684036303e-14,0.566729446761757,3.0802238759255396e-11
5,lpdA,1.68709817757014,2.9847684036303e-14,1.71882430860191,6.03592291845653e-146
6,BACUNI_01695,-1.56633889205681,2.9847684036303e-14,-2.71225880155149,1.32575647246826e-291
7,truB,-1.64151323728478,2.9847684036303e-14,-0.776495582512668,4.187816056221131e-25
8,BACUNI_00674,2.11797919661901,2.9847684036303e-14,2.49051491908611,2.98051520681164e-99
9,BACUNI_04027,-1.28551457836194,2.9847684036303e-14,-3.32839131525353,2.57862796417029e-160
10,BACUNI_03215,1.5986482725253,2.9847684036303e-14,3.70098577422848,8.46541891174023e-68
11,BACUNI_01476,1.47213457638878,2.9847684036303e-14,-1.75609501246294,4.6883798785394295e-174
12,BACUNI_00386,2.17407607560626,3.7022070810652603e-14,0.814815630665613,1.2334781400670899e-18
13,ppk1,1.76880575954706,3.94501774336802e-14,3.11747383764945,2.97628649860488e-278
14,rplX,-1.27226713360174,3.94501774336802e-14,-3.26051828813926,0.0
15,BACUNI_02175,1.93319344514271,3.94501774336802e-14,3.1401489668856,0.0
16,BACUNI_01968,1.02430139823649,3.94501774336802e-14,0.924556554844087,1.0798439331756399e-55
17,BACUNI_03943,1.92957601124843,3.94501774336802e-14,2.19107028689352,1.30305964558319e-191
18,BACUNI_02297,2.5050525519162,3.94501774336802e-14,3.51833624689711,0.0
19,BACUNI_01141,1.5440450439627,4.02518564052299e-14,1.88887417497298,5.5486266878668195e-168
20,BACUNI_04452,1.59472558946102,4.03972339647024e-14,1.99242065131252,3.01788633971477e-88
21,gcvH,1.71547389968059,4.03972339647024e-14,3.06657877208476,0.0
22,BACUNI_03627,1.52368649875591,4.16386492070537e-14,1.86408526124743,1.15630769937393e-226
23,BACUNI_03216,1.59205216566062,4.16386492070537e-14,3.91456498467833,3.71560683066696e-209
24,BACUNI_04565,2.10463994741444,4.61455117957275e-14,1.69985168668004,6.93668801874455e-97
25,tal,2.02974945755022,4.61455117957275e-14,2.85424743570324,0.0
26,BACUNI_04368,1.554333415531,4.61455117957275e-14,1.4533266501128,7.08275258309063e-92
27,eno,1.68861512388473,4.61455117957275e-14,2.85049812081361,0.0
28,eno,1.66844257075794,5.75834438592646e-14,2.85049812081361,0.0
29,clpB,1.71730030910582,4.61455117957275e-14,2.70033010647077,1.6589864510347198e-299
30,BACUNI_03352,2.43554362154843,4.61455117957275e-14,6.01668256345259,0.0
31,BACUNI_03917,1.36609451609072,4.61455117957275e-14,2.56873364262013,1.12463201844692e-297
32,BACUNI_03213,1.79286659342957,4.61455117957275e-14,2.91148271299048,1.77177323409171e-141
33,BACUNI_01156,1.30659307893819,4.61455117957275e-14,-1.73056018284788,4.82925093321732e-21
34,BACUNI_01938,1.25941032147788,4.61455117957275e-14,1.94118639764998,6.28685924575786e-88
35,BACUNI_00330,1.63883352916873,4.61455117957275e-14,1.23147320625353,4.83097564477063e-80
36,BACUNI_01144,1.18667116808962,4.61455117957275e-14,0.616796520336913,8.702249625606551e-21
37,BACUNI_01069,1.9785817982871,4.61455117957275e-14,5.36909443661778,5.12278422036143e-264
38,BACUNI_03585,1.68477963021196,4.61455117957275e-14,4.98196781392323,1.4353822275085399e-204
39,BACUNI_02382,-0.891389486333686,4.61455117957275e-14,-2.58582347544595,2.9802906339584e-278
40,serC,1.68231539500547,4.61455117957275e-14,3.28418941732206,0.0
41,gpmA,1.61330149643481,4.61455117957275e-14,2.25752546129318,1.32036378221503e-200
42,gpmA,1.16906866315739,6.3716186600958e-14,2.25752546129318,1.32036378221503e-200
43,gcvP,1.81622972329268,4.89193182620633e-14,3.12361045618407,7.31659463300895e-264
44,floA,1.18284558947335,5.02215276864622e-14,1.39190704745217,5.92461746327817e-74
45,BACUNI_01401,2.41517835884734,5.3356670102087303e-14,3.87187263990455,0.0
46,BACUNI_03217,1.73924948944051,5.42286555008053e-14,3.64573721744624,0.0
47,BACUNI_02429,0.901111237515806,5.42286555008053e-14,1.09696798476961,4.46200203230826e-64
48,BACUNI_00572,1.93073921346548,5.42286555008053e-14,2.91455502186391,2.6038605957475697e-217
49,BACUNI_01126,1.85286587955626,6.08654095553981e-14,2.04026410908968,4.24981538408892e-131
50,BACUNI_04550,2.19607141630014,6.3716186600958e-14,3.38148508360633,1.1933764128755799e-256
51,BACUNI_03400,1.23011637635202,6.3716186600958e-14,2.68240720386726,4.87099728793543e-302
52,BACUNI_01153,1.6193307795516,6.3716186600958e-14,-1.9200648703706,5.23180275181151e-86
53,BACUNI_01997,-1.06352652045886,6.3716186600958e-14,1.42213429892193,5.6843523776845e-175
54,BACUNI_04640,1.30746714481766,6.3716186600958e-14,2.50611799576265,2.1101757890483497e-275
55,BACUNI_04421,2.39816893466839,6.3716186600958e-14,3.38862116039543,2.58699447012035e-297
56,etfA,1.19693613053015,6.3716186600958e-14,0.677634129205377,1.63714850021386e-22
57,fusA,-0.972580600211515,6.935179232971331e-14,-2.5268184504231,0.0
58,gdh,2.48495927452553,6.935179232971331e-14,3.26396555193667,0.0
59,BACUNI_02938,1.91779797024039,6.935179232971331e-14,2.66607828639977,2.8251233300583e-277
60,BACUNI_02579,-1.06109859725571,6.935179232971331e-14,-1.14725172191653,5.20313502217174e-50
61,BACUNI_02328,1.83166204745907,6.935179232971331e-14,3.58502662135406,0.0
62,rpsI,-1.04239035555457,6.935179232971331e-14,-2.77318189546817,0.0
63,galK,1.50792490459343,6.935179232971331e-14,2.07831817436167,1.78451364647532e-118
64,BACUNI_01742,1.72847433786343,6.935179232971331e-14,-1.99479656420971,2.35050320101257e-123
65,BACUNI_00960,2.27262805777959,6.935179232971331e-14,4.07953736405979,0.0
66,BACUNI_00480,-1.69614401355967,7.003555002741311e-14,-4.02127258404217,5.9806185867743096e-170
67,ald,2.47328371968538,7.58963004965196e-14,7.87181773442585,0.0
68,pflB,-1.69949519281847,7.8941981676519e-14,-3.99142550981639,0.0
69,BACUNI_02183,1.15063524628198,8.32357536718801e-14,1.42388259246065,3.77545198874974e-111
70,BACUNI_01212,2.39463783125668,8.32357536718801e-14,0.561411791620454,2.04074064855828e-05
71,BACUNI_01464,1.72447412982067,8.96620673993593e-14,-1.43712198758931,6.75832234021219e-81
72,lepA,-0.79558266749973,9.19820394936275e-14,-3.11625728398374,0.0
73,rplB,-1.01968806500182,9.246456616494481e-14,-2.37200651478465,0.0
74,BACUNI_02071,-0.834630251554273,9.246456616494481e-14,-3.09981962242979,0.0
75,BACUNI_02000,1.19199593391586,9.267834745405591e-14,0.771810231627605,4.44428638416975e-22
76,infB,-0.866130978362484,9.267834745405591e-14,-1.58915577381156,5.97874031081372e-192
77,BACUNI_00114,1.01042456890123,9.40679136835622e-14,2.73774805900935,4.14886806122108e-26
78,pulA,1.01813526675858,1.02936353634296e-13,-0.552511297826733,4.344960469803159e-22
79,rpsD,-1.00018229235494,1.02936353634296e-13,-3.08055809620095,0.0
80,BACUNI_02743,1.14478972931821,1.03550651694378e-13,0.70226886916656,2.27038415210652e-24
81,BACUNI_03497,-0.951070461791584,1.08055574164754e-13,-1.4933865405608,2.79195000702657e-26
82,BACUNI_03025,1.47309560216586,1.08055574164754e-13,0.911815405073883,6.73033055890536e-29
83,BACUNI_01247,1.41907312629209,1.08055574164754e-13,1.47805270517525,3.05724407048514e-108
84,BACUNI_01692,-0.84472352398528,1.08055574164754e-13,-0.769520190286672,1.49774388021389e-49
85,rpsN,-1.02662683603068,1.11588843789634e-13,-2.98317797661078,0.0
86,rplC,-1.07403340172248,1.15586089046086e-13,-2.612595515312,0.0
87,BACUNI_01697,1.00087004046698,1.15969792609594e-13,1.47180078155455,4.30444272273468e-112
88,BACUNI_03401,1.8292600354871,1.15969792609594e-13,2.68406926862828,0.0
89,BACUNI_04549,2.31314535802712,1.15969792609594e-13,3.83739626416244,0.0
90,BACUNI_03402,2.08178081275693,1.15969792609594e-13,2.48237582589914,0.0
91,BACUNI_03885,0.93742965522199,1.16949804345452e-13,1.55972111445486,5.119473524327959e-78
92,fucI,1.11826016593036,1.20169790003518e-13,2.08831824844732,2.56154918581454e-78
93,thrC,-0.77092963381989,1.20911234441185e-13,-2.20945994641784,3.45757384553542e-122
94,BACUNI_01372,1.03332167191206,1.20911234441185e-13,1.76450871295666,4.98779187639863e-159
95,BACUNI_00116,1.27076112457458,1.21436165789846e-13,2.81258721440458,4.8048049716811504e-21
96,BACUNI_04415,1.04208347625628,1.21436165789846e-13,1.36491630051293,3.09719089269356e-52
97,BACUNI_04418,1.27592616879964,1.21436165789846e-13,1.69967982520133,1.69529002048145e-58
98,BACUNI_03760,1.25826926197307,1.26381929530369e-13,0.877861069047499,4.87251659283298e-37
99,BACUNI_01068,1.86137328160114,1.30224963970652e-13,4.65527274111993,3.42616047693586e-170
100,BACUNI_01154,1.7788176407711,1.30224963970652e-13,-2.3609944681955,3.20658275590578e-73
101,atpH,1.31688849776976,1.33907984651381e-13,1.61841673055302,6.3791295401119706e-161
102,pta,-1.2699479265788,1.33907984651381e-13,-2.34616876765997,4.05238017368158e-228
103,trxA,2.04712355991355,1.34561486295657e-13,3.34516205815313,0.0
104,BACUNI_04028,-1.24917353934806,1.34561486295657e-13,-1.27222190865416,4.6976629434144296e-27
105,BACUNI_04370,2.61016392148208,1.39255997861464e-13,4.54282057233949,0.0
106,BACUNI_02714,1.12932256513455,1.49032589705316e-13,1.54944368677011,2.37480710559276e-51
107,BACUNI_02559,-0.811517397573294,1.49032589705316e-13,-1.17402247724857,1.89063069988111e-46
108,BACUNI_04519,1.22418736265235,1.51895715528976e-13,3.56713413183372,0.0
109,BACUNI_00581,-1.34010514768576,1.52137482585189e-13,1.22242485332116,2.12330139619416e-117
110,BACUNI_02628,0.798028572056339,1.54726270349801e-13,1.81618941048882,1.5442427188128e-189
111,pepD,1.21264976629589,1.5484912757017998e-13,2.34534961076344,4.02160571775963e-301
112,pepD,0.701437238204797,7.56204492189805e-13,2.34534961076344,4.02160571775963e-301
113,BACUNI_01994,1.83664411825688,1.55497700573089e-13,2.66063603842445,2.47241014343587e-172
114,BACUNI_03096,-0.729161019761179,1.55497700573089e-13,-2.72427477911201,0.0
115,glnA,1.22125228088427,1.55497700573089e-13,-1.01894127571214,1.82011842080684e-45
116,glnA,-0.625898180075698,6.99372695322881e-13,-1.01894127571214,1.82011842080684e-45
117,glnA,-0.55671042472882,2.99390404885191e-12,-1.01894127571214,1.82011842080684e-45
118,BACUNI_02294,0.732322231703986,1.56580117796233e-13,1.98722146464046,2.0672413227126e-134
119,atpG,1.09372718652875,1.56580117796233e-13,1.39265130984275,8.517253330595849e-158
120,rpsM,-0.953563113499712,1.57987813033249e-13,-2.67923697071559,4.75499608036875e-237
121,BACUNI_01353,1.44290860257161,1.5856213072621199e-13,1.18841816692744,3.2989805922837e-66
122,BACUNI_02749,0.816275922846984,1.59042177498371e-13,1.37344230960663,5.58170936058259e-61
123,pdxH,1.16995865188402,1.59279740398385e-13,1.06482480796899,3.2204969860031796e-22
124,BACUNI_02319,0.710319158201525,1.59279740398385e-13,1.50939266262717,6.653892275978649e-69
125,BACUNI_00609,0.969054122718319,1.59279740398385e-13,2.2702303933622,6.62078234280714e-79
126,pdxB,1.43804722502879,1.59279740398385e-13,2.27232102143042,0.0
127,pdxB,2.09893320657343,2.1905135446041599e-13,2.27232102143042,0.0
128,BACUNI_02933,1.05539501774436,1.59279740398385e-13,2.39684550987713,1.57708875959974e-98
129,dps,1.79451713618591,1.59279740398385e-13,1.68906794080594,1.50154979326263e-76
130,pgl,0.928754946484652,1.60727279085578e-13,2.67178681741876,0.0
131,BACUNI_00211,1.62975430319547,1.72474932894957e-13,2.50576941433766,6.440396756099329e-213
132,gcvT,1.61763157922232,1.77694154541623e-13,1.51148932190468,4.68598317452915e-128
133,BACUNI_03944,0.927787178057887,1.77694154541623e-13,1.19608037478185,2.76652384549272e-64
134,alr,0.967350451940586,1.77694154541623e-13,1.16321411526009,2.58641791979279e-61
135,rpsC,-0.971551773496937,1.77694154541623e-13,-2.82209180310529,0.0
136,BACUNI_03332,1.40035669453087,1.77694154541623e-13,2.10847597721992,5.73826827981583e-249
137,BACUNI_02430,0.991711013591157,1.78070131411996e-13,0.554383968065609,7.85879886281378e-20
138,BACUNI_00220,0.9536297529433,1.78070131411996e-13,0.868033974036207,2.1799174251977802e-14
139,BACUNI_01629,1.54089114088971,1.8247036040832e-13,0.718213116361935,2.36746848345267e-20
140,hup,1.86646329790451,1.8247036040832e-13,1.04356433412073,1.4958044149845e-64
141,hup,0.736943772279481,4.84255129139592e-12,1.04356433412073,1.4958044149845e-64
142,hup,0.679795741405876,1.04117472891412e-11,1.04356433412073,1.4958044149845e-64
143,hup,-0.881765574949327,1.40583842142633e-09,1.04356433412073,1.4958044149845e-64
144,BACUNI_00762,-1.01554909353806,1.8247036040832e-13,-2.50966161858636,6.21007814372412e-170
145,rpmA,-1.13773515201933,1.8725752042414799e-13,-1.40289092105629,3.1550539256348702e-53
146,BACUNI_00400,1.29824865840487,1.90085002316022e-13,2.24729650235542,5.48897569590739e-291
147,BACUNI_03651,1.33403566365324,2.0852196565982e-13,1.76715763642937,4.0191951929428296e-92
148,tpx,1.85933707978095,2.0852196565982e-13,3.23259698655218,0.0
149,BACUNI_04625,0.946775500055917,2.1660365474129799e-13,1.34046347979388,6.65259933115333e-85
150,BACUNI_03393,0.954264257502146,2.1660365474129799e-13,1.96254172576903,2.26881579427333e-145
151,rplN,-1.01557880504456,2.1660365474129799e-13,-3.17755740687114,0.0
152,BACUNI_00754,0.918945790510765,2.16874153928057e-13,1.62116222688302,2.97079667866473e-102
153,BACUNI_01371,1.04609913271008,2.16874153928057e-13,1.42405325622479,1.04035733690051e-107
154,BACUNI_04162,0.855137356086733,2.16874153928057e-13,0.858973239792611,9.08138789158616e-24
155,rpsQ,-1.28285552098468,2.16874153928057e-13,-3.01105876000337,0.0
156,BACUNI_03125,0.79384018024361,2.16885343825976e-13,1.78901964564165,1.55718589827411e-80
157,BACUNI_03126,0.952321762234771,2.1905135446041599e-13,1.79135364807185,1.0245109140220799e-79
158,mdsC,1.63445975426032,2.1905135446041599e-13,2.57468586199601,0.0
159,BACUNI_02196,2.30375430797017,2.1905135446041599e-13,3.28419087964368,0.0
160,lysA,-0.791929946093958,2.24933124760194e-13,-2.09099534078341,6.936507811124291e-203
161,rplR,-0.93924251276631,2.25689296351384e-13,-2.99363914911613,0.0
162,BACUNI_01438,2.44724659762191,2.27579759135525e-13,2.67225869227696,0.0
163,BACUNI_01231,-0.8164619438386,2.27579759135525e-13,-3.65623807204549,0.0
164,BACUNI_03469,1.07711431841764,2.31023863903717e-13,0.909498534795886,3.38449004208634e-23
165,BACUNI_00840,1.11532203299807,2.34431375027054e-13,1.04693596956443,6.21216617595809e-27
166,infC,-0.871980447753948,2.36017504699879e-13,-1.760003314978,1.0575359400229802e-149
167,kbl,0.953778345276945,2.4330026182644e-13,1.59866532290965,6.867682627807689e-69
168,BACUNI_03163,0.959028937511832,2.50867441802469e-13,2.10037847436442,1.24104385719151e-15
169,rplD,-0.955708301447856,2.52133626978323e-13,-2.70837856354898,0.0
170,BACUNI_01054,0.911185719499169,2.5977565316946e-13,2.98421665181528,3.6729697893936497e-296
171,dam,-0.858890556428531,2.674902375135e-13,0.540661308548261,3.29269612157437e-05
172,BACUNI_02091,0.966179935250736,2.75195012912482e-13,2.50582689574265,1.6249437586685e-72
173,rplY,-1.05989759392137,2.83008860345002e-13,-3.01121040948734,0.0
174,rnr,1.05294095550987,2.83008860345002e-13,1.30684161226936,3.6034083706291794e-83
175,BACUNI_02560,-0.753607717847874,2.83008860345002e-13,-1.4522416856601,1.7295278330243e-50
176,BACUNI_01204,1.04925900562701,2.83978718728871e-13,0.703426415500793,5.280668021282391e-35
177,BACUNI_00387,0.924685715497585,2.86478466615879e-13,1.35963444643825,1.2586912877367601e-67
178,BACUNI_03847,1.24461562767863,2.86478466615879e-13,1.48400422383246,9.49561124205442e-48
179,BACUNI_01431,1.83362733188184,2.86478466615879e-13,3.36943762917779,0.0
180,rpsJ,-0.921024775741227,2.86478466615879e-13,-2.48582074408586,5.80124035987061e-225
181,BACUNI_00411,1.6659539661071,2.95922593515611e-13,3.41013633501682,0.0
182,BACUNI_01554,1.05753660018275,3.02368424657576e-13,2.88711558279218,4.53962995755943e-118
183,BACUNI_01584,-0.79951445615956,3.13678483353393e-13,-1.83768792370957,1.82433451934733e-160
184,rpiA,1.71071508357653,3.13678483353393e-13,1.89552496934864,5.7350659759397806e-52
185,typA,-0.822160304933664,3.15516861324223e-13,-1.56600774856269,1.51146679518437e-102
186,rplA,-0.924522783931675,3.2149337750432e-13,-2.95390975985607,0.0
187,purA,0.739210380890832,3.4446930129772697e-13,1.51931229727064,3.0003104981893e-210
188,BACUNI_03635,1.03709137157161,3.56109747705461e-13,1.49942792819164,9.50786428884772e-53
189,atpF,1.45106215677867,3.60627126176719e-13,1.68918621060027,5.11265541258175e-126
190,BACUNI_02727,0.843054135540804,3.89969240518046e-13,2.48121814703991,3.9787766103975403e-196
191,BACUNI_01897,0.833972452526236,3.90366760689054e-13,0.757293941748992,6.08881779272049e-25
192,BACUNI_01201,0.828301575363255,3.90366760689054e-13,1.88813585065893,5.24837062651678e-169
193,ftcD,1.72996445673891,3.93170994277033e-13,4.06305075686828,0.0
194,rpsE,-0.911053067135505,3.93614813287206e-13,-2.84270782782733,0.0
195,rnfC,-1.04413630939684,3.93727733333965e-13,-2.24358702959161,8.68803075564449e-111
196,BACUNI_00761,-0.770679963780349,3.96165168358755e-13,-2.72626934295783,3.44754066281139e-144
197,BACUNI_01214,1.34021010077057,4.0212592642325597e-13,-0.739152479612551,1.07690202178318e-06
198,rplO,-1.02923590275433,4.0212592642325597e-13,-2.81550592355786,1.30559020502561e-292
199,BACUNI_01369,0.88301558294113,4.04550383344461e-13,1.54277099144264,2.7246210605813797e-160
200,atpA,0.674258533306826,4.13248693921764e-13,1.3244660494925,1.74548333545718e-109
201,atpA,1.05570352960257,6.49751720874877e-13,1.3244660494925,1.74548333545718e-109
202,leuA,-0.88294710940281,4.13248693921764e-13,-3.72031774549903,8.23496344775785e-293
203,rpmE2,-1.357542505368,4.17601096282118e-13,-1.86407248918601,9.10678545351716e-130
204,BACUNI_01430,2.36931426105505,4.22275796962276e-13,3.74313056521433,0.0
205,BACUNI_03545,1.59491587786448,4.36043043591693e-13,1.05955878930075,3.11496177591503e-53
206,BACUNI_03391,0.996617789767839,4.46764475603245e-13,1.52475145215505,4.41056967827445e-59
207,raiA,1.47791081160165,4.52448478453517e-13,0.519262482163271,1.2832619502766702e-09
208,BACUNI_04111,0.991261246093451,4.55334671978646e-13,0.681677065850862,1.8014977642241e-09
209,BACUNI_01490,1.49850658582301,4.67933557680915e-13,0.503007989991337,1.09867637631561e-07
210,BACUNI_00212,1.71654425419904,4.72739189759232e-13,2.7698761988589,1.3982010901655999e-108
211,zwf,0.865474449505026,4.72739189759232e-13,2.5065933960017,0.0
212,rpsO,-0.935958835435642,4.78278734210167e-13,-1.89768434258019,1.88065815824436e-226
213,leuC,-0.725767914935876,4.82076627148409e-13,-3.6540551866082,1.70804930613014e-277
214,BACUNI_01159,1.43688573064122,4.99357668422373e-13,-2.89496702312162,9.22539487418734e-239
215,rho,-0.876908517332851,5.09567222280143e-13,-1.42841944690903,2.74403396372353e-51
216,BACUNI_00884,1.76130146047454,5.10307131274722e-13,4.01547130201472,0.0
217,BACUNI_00766,2.62094029787287,5.12100736508626e-13,4.58177628975843,0.0
218,BACUNI_02410,-0.736084634893782,5.17796030248433e-13,-1.72957133019336,3.17336102336892e-155
219,BACUNI_00322,0.966806667374563,5.17796030248433e-13,0.904135026152982,9.1543488449636e-32
220,BACUNI_03139,0.852076143630793,5.17796030248433e-13,0.963377243579032,1.7951291318857198e-34
221,BACUNI_00721,0.917689787104013,5.33558424359204e-13,1.74386160253939,1.1547145107623602e-188
222,BACUNI_02403,-0.650923365789204,5.45644030797457e-13,-2.99837238240746,2.71646567762938e-206
223,BACUNI_03824,1.17057194236298,5.559535563444599e-13,1.87971813903459,2.85563456642969e-46
224,alaS,-0.642219494030115,5.90881970649926e-13,-2.65323020256389,3.7000358576152603e-298
225,BACUNI_04324,0.832588811095306,5.90881970649926e-13,0.894867621746143,7.53938027750172e-55
226,rplQ,-0.965433648866238,5.93635301849237e-13,-3.05578532037187,0.0
227,cysK,1.10042298854471,6.04990825363898e-13,1.12814293467324,3.8804134844925494e-55
228,BACUNI_00719,0.950482420850349,6.22143905640751e-13,1.00365703514956,2.81912291975615e-32
229,BACUNI_00039,0.863226965631078,6.265245014758269e-13,2.47298029038924,2.28047099730387e-81
230,BACUNI_03073,0.640703064093429,6.265245014758269e-13,1.64935032041828,1.21088384193408e-132
231,BACUNI_00882,0.919714282907272,6.45845924918286e-13,2.28216332564215,4.12873315225296e-165
232,BACUNI_03621,-0.685234762915631,6.4656280681464e-13,-2.60974742135057,1.03137212387789e-49
233,rsmG,0.719186438063854,6.46805385903044e-13,1.496764883058,2.2207817523523e-85
234,BACUNI_00109,1.09034942922237,6.46805385903044e-13,2.29318188207255,3.09200589767203e-65
235,BACUNI_01937,0.914036404514857,6.49751720874877e-13,1.42947420522373,7.06860477273698e-22
236,pyk,-0.703968855641321,6.77562125417633e-13,-2.08697350577666,8.79959497302506e-287
237,BACUNI_01817,-0.711128082398723,6.98081593090106e-13,-2.11830066695111,7.55483358389861e-233
238,rplM,-1.1480172153884,6.99372695322881e-13,-2.91374054088688,0.0
239,BACUNI_02847,0.935354510634145,7.38634119947431e-13,-1.38887905090516,2.5846209640877503e-47
240,BACUNI_00333,1.91237812770947,7.46291493116236e-13,2.22742120502215,1.34103319861287e-73
241,ilvD,-0.787827563531525,7.64386382619865e-13,-2.48106263959028,7.40203002539859e-227
242,BACUNI_04454,0.778683246660631,7.71784279068645e-13,1.73510848313391,2.49210051459026e-153
243,BACUNI_03438,1.25726666688446,7.71784279068645e-13,0.576319682523628,0.0009962842267781
244,rpmB,-1.15091255206792,7.71784279068645e-13,-1.55563611954329,1.13056501112934e-75
245,BACUNI_03112,-0.680094238143031,7.83473793424112e-13,-0.909027570621318,1.6788470772345e-49
246,BACUNI_00195,-0.731914911484072,7.83473793424112e-13,-2.01116280165817,2.19196893986849e-44
247,BACUNI_02285,-0.968007240643164,7.838526784617629e-13,-1.94257461848957,1.0408878973106199e-176
248,BACUNI_01232,-1.02227076932585,7.86711026639852e-13,-2.62047819332489,4.9160153767579905e-199
249,ftnA,1.45634621046461,7.87604884077032e-13,2.58941384642655,2.32460797795834e-134
250,ftnA,1.05674736488693,1.8366773384814702e-09,2.58941384642655,2.32460797795834e-134
251,buk,1.05281797320745,7.9153300478109e-13,2.18378185844049,5.4144829693379096e-238
252,BACUNI_00602,0.921554766550521,8.05541527970354e-13,2.02872413306412,1.6921036960868901e-112
253,BACUNI_02570,-0.935899661706696,8.13806385556555e-13,-1.96521751898923,5.7494016033033395e-123
254,BACUNI_01067,1.33908681434981,8.22131996009062e-13,3.5162202890563,6.2636764773916904e-136
255,BACUNI_01044,1.13965534365276,8.39242823703397e-13,0.728728316346401,4.31590705089282e-22
256,BACUNI_01230,-0.844033626688958,8.39242823703397e-13,-2.26897134847512,4.33707249521517e-146
257,BACUNI_01457,-1.10476855395669,8.54628668056772e-13,-1.72817736209208,9.97544800606792e-32
258,BACUNI_01689,0.79986004775909,8.66469422268499e-13,0.859166545888912,6.02392484464178e-35
259,araA,1.05618725621019,8.77025235964448e-13,1.37406805184497,1.27861976023517e-60
260,rpsK,-1.19433729694656,8.85750701427263e-13,-2.92637906624035,0.0
261,BACUNI_01545,-0.559369820362015,8.93745553638052e-13,-1.04544917039694,1.3796798244947e-67
262,carB,-0.749331849670753,9.19432999077668e-13,-1.53928472466165,3.57683425223317e-142
263,BACUNI_00388,1.71059375989018,9.3837373806777e-13,1.20061275182223,4.39050178354271e-37
264,BACUNI_02219,0.865458660193983,9.68494207230432e-13,1.44663483245457,9.07138023721541e-72
265,BACUNI_02015,1.00187492294014,9.68494207230432e-13,-1.44494316473199,3.20643821112718e-52
266,BACUNI_02914,1.29423076815132,9.77000343992511e-13,0.542202722976977,1.69743489008591e-13
267,BACUNI_01258,1.45665319359738,1.03104402364329e-12,1.5465454437158,6.51113165660073e-72
268,BACUNI_03337,1.00286895112017,1.0334607618077998e-12,2.28503525040575,1.0178572869939801e-235
269,atpD,1.12571258316532,1.0453377109271399e-12,1.93243893771094,1.12525231965472e-199
270,BACUNI_03773,0.850484871434855,1.0453377109271399e-12,1.73920111014218,5.47499235277218e-127
271,BACUNI_02061,0.826104612623169,1.05623502978649e-12,1.81255270581746,3.91664801424727e-99
272,BACUNI_00418,0.578353948448765,1.0702041457296799e-12,1.73458666108994,1.40191401086705e-87
273,trpD,-0.872706059457347,1.0702041457296799e-12,-4.22289226900306,4.2475899999129795e-258
274,BACUNI_02939,1.9005792739435,1.09787047848101e-12,2.07429074827417,7.93471924054894e-94
275,BACUNI_01320,-2.17616332930011,1.14043063396607e-12,0.57842393804727,1.43434095368878e-08
276,BACUNI_03583,1.61987345565582,1.17699487199483e-12,1.7087416438305,1.90416146275036e-60
277,BACUNI_04252,-0.735364798818068,1.17699487199483e-12,-2.64077706295275,2.74224049783871e-51
278,BACUNI_02059,0.705678825738257,1.18655964390904e-12,0.653117241681394,9.7361286794285e-22
279,BACUNI_02428,1.01620176746894,1.18655964390904e-12,1.94501264369604,1.27486474021434e-70
280,BACUNI_04453,0.973272695309738,1.19033571173682e-12,0.622843847171412,2.9633941366945303e-15
281,rfbC,-0.556075663395738,1.2135803885143999e-12,-1.70273894758547,5.0851606603029e-101
282,BACUNI_04282,2.05450439045631,1.2340239610269598e-12,-0.722332792181958,7.29512167391474e-13
283,BACUNI_00706,1.16957384506772,1.24476953859713e-12,3.88711441067002,9.909086731031289e-204
284,rumA,-0.841927147892044,1.2595854184380199e-12,-1.47217577573876,3.61817502252512e-89
285,guaB,-0.892642496221789,1.30961044867734e-12,-1.25788862935721,5.23508669279737e-54
286,BACUNI_04064,-0.97165155740155,1.30961044867734e-12,0.816688365181089,9.34035415565024e-05
287,BACUNI_03578,0.814579906099421,1.30961044867734e-12,0.932334640690705,6.98925205815674e-50
288,BACUNI_00363,1.09577057897625,1.31862134771878e-12,1.02476259527827,2.2010996925524798e-48
289,BACUNI_01624,-0.731935371170788,1.38583101400345e-12,-2.45649743322778,2.84761665402342e-271
290,pnp,-0.792421442639569,1.40666341375474e-12,-3.38136483030573,0.0
291,BACUNI_04580,1.36565534244374,1.41137141866885e-12,2.11437730727092,6.30494155147711e-152
292,BACUNI_04503,2.6126362542645,1.42458992726076e-12,9.47263689862808,0.0
293,BACUNI_03534,0.735364542851496,1.42802502388943e-12,1.85918485945633,1.1035745880207e-215
294,BACUNI_01203,1.08811482968308,1.44338071175246e-12,-0.822555483674678,2.00252095695544e-35
295,BACUNI_03280,0.808335267574499,1.4832705832665598e-12,0.670409403706189,4.557882860855721e-09
296,BACUNI_01553,0.810799531775086,1.4832705832665598e-12,-1.53125650785548,1.45206415160899e-25
297,rnfG,-1.29727960381206,1.483899537118e-12,-2.12041383447235,2.92225724392865e-80
298,prfB,-0.648829140910404,1.49372683419867e-12,-1.79685694346286,1.7947814752037298e-116
299,BACUNI_01121,0.708814881690188,1.5354856775651199e-12,0.603223468189094,1.15134239046431e-13
300,BACUNI_03214,1.24950994942338,1.5840275712863899e-12,3.4598929042423,1.06381784747591e-35
301,BACUNI_04544,-0.93008857297054,1.58841202614467e-12,-2.51231889167244,5.7227742146837e-64
302,ffh,-0.870034710406316,1.59475756084519e-12,-2.38445085692849,4.32030547219801e-282
303,lysS,-0.543971353953133,1.6071922269136498e-12,-1.15047403901009,1.44771302604495e-74
304,BACUNI_02323,-0.630536483585825,1.6071922269136498e-12,-1.03805098161087,9.145703220920199e-30
305,rpsG,-1.04479541636812,1.6412961851571998e-12,-2.67521761286154,0.0
306,BACUNI_00970,-1.34573353644417,1.65137011378382e-12,-1.87380066776827,6.655401002192381e-152
307,BACUNI_03095,-0.609925958096536,1.65137011378382e-12,-2.28182131824422,4.45604383596283e-224
308,rplI,-0.921812201866331,1.65492019271265e-12,-2.47690713306314,0.0
309,BACUNI_00603,0.781677142817852,1.65492019271265e-12,2.15802093045588,9.30859712687873e-109
310,BACUNI_00998,1.22633276364227,1.6836614817815798e-12,-0.536826270357925,1.38035436317511e-13
311,BACUNI_02057,0.584705995644093,1.69611855268586e-12,0.677235065292298,3.5236430287079e-25
312,prmA,-0.575743032464871,1.69611855268586e-12,-1.19655544648856,3.85891964003226e-34
313,ackA,-1.06652989471842,1.83229498529331e-12,-1.60319886365702,1.8491899329612299e-168
314,BACUNI_01969,0.961680173233329,1.89893482167205e-12,1.08329855328025,5.90546568405577e-86
315,BACUNI_02093,0.633906553590258,1.89893482167205e-12,0.703589981203984,3.6479295218273e-17
316,BACUNI_04262,0.676283155268177,1.89893482167205e-12,1.58223644656468,1.91772037274139e-62
317,BACUNI_01357,1.17836974826574,1.9164277837211398e-12,2.22908549630325,3.63634554544622e-66
318,rplT,-0.996058004409591,1.94577581211009e-12,-1.39971035251835,6.6024553954111e-68
319,rpmH,-0.76059919449143,1.97013219091149e-12,-0.668858297462235,1.61607059383697e-12
320,BACUNI_00952,0.816622615417188,1.98033393261252e-12,0.784762251474655,1.09423947535775e-36
321,rplW,-1.04671432244353,2.0760792834114996e-12,-2.46748082781435,1.39677662945772e-269
322,BACUNI_00449,2.15240059740317,2.0760792834114996e-12,2.32153608420738,1.0807637098999499e-160
323,rbr,1.11691047269917,2.0760792834114996e-12,2.10625913244359,0.0
324,BACUNI_03993,0.706382298767132,2.08170197255086e-12,1.07533236671881,8.94520163355636e-52
325,BACUNI_01600,0.983488111928658,2.0961395098854397e-12,0.971281723858698,6.998917629433489e-18
326,BACUNI_00479,0.724226532614665,2.0961395098854397e-12,1.00041334346985,5.14596835140758e-24
327,BACUNI_00950,0.781286837550869,2.13836472830718e-12,0.565622914385443,2.5214888344721e-22
328,BACUNI_00962,-0.864806433616302,2.19043207896451e-12,-2.34404516554611,8.34568685270546e-21
329,BACUNI_01273,-0.519508084916112,2.20897001320634e-12,-0.961091912106445,2.5735025399972503e-35
330,BACUNI_03982,0.760364323180781,2.25395465713803e-12,1.47685579481562,2.74991803833025e-82
331,BACUNI_02416,0.730335414924234,2.3568599338714996e-12,1.01384770731142,4.91234930602944e-08
332,BACUNI_02088,1.28991626417014,2.37356939357494e-12,2.5806401817426,7.52828756901817e-232
333,BACUNI_04618,1.27577422555855,2.3785780652837898e-12,2.78196671226968,9.89436869170369e-187
334,BACUNI_00662,-0.549658212513936,2.40312947447409e-12,-2.24978942833792,1.00025983359516e-139
335,BACUNI_02578,-0.712981117260451,2.48671968099503e-12,-0.8739344754989,4.08479929003405e-15
336,BACUNI_04716,-0.897082842363254,2.49219467594603e-12,-3.4661249380096,0.0
337,BACUNI_02087,-0.865070341436571,2.5017503964181498e-12,-2.4439684516101,5.06081536382143e-258
338,BACUNI_02014,0.976590212363149,2.5017503964181498e-12,-0.848514827876955,1.5932532032602498e-22
339,BACUNI_01445,-0.603447906976957,2.5221358306872597e-12,-2.34065974041263,1.98564963151646e-211
340,BACUNI_01971,1.31826858433724,2.52787228131291e-12,0.617159558536487,6.73995936564437e-10
341,BACUNI_03770,-1.0285824883216,2.55480088866438e-12,-3.3213258484227,2.3980327776118003e-258
342,BACUNI_04393,-0.521319782031277,2.64103339131326e-12,-1.16576922403385,4.94514283434715e-84
343,BACUNI_02722,-1.45397713012937,2.65873176975406e-12,-1.78885547925397,7.139719910809439e-40
344,aroC,0.670223811578992,2.66039013296806e-12,1.3024833008526,7.59198342543398e-60
345,BACUNI_01806,0.603781057595025,2.70277918634661e-12,-0.54065764246627,8.77450183915467e-13
346,BACUNI_00605,0.727428027341155,2.76850357803605e-12,1.52436059124834,1.94511673430888e-50
347,gltA,-0.597370803576254,2.7931984497415797e-12,-1.1092462137425,9.036372625017811e-67
348,efp,-0.847282939448714,2.83621106527995e-12,-2.0313727008232,6.45133408678463e-93
349,secY,-0.622597169298427,2.854145307452e-12,-2.99853709095344,0.0
350,BACUNI_03637,0.911655713865265,2.88008459335012e-12,1.17200029843496,5.49989948500779e-74
351,BACUNI_00270,1.47901830512486,2.9882812866559597e-12,2.55615596378235,2.17208184447435e-50
352,BACUNI_03782,-0.989030996649507,3.0938265403923598e-12,-0.67726138405794,6.017241817133611e-17
353,BACUNI_00661,-1.18688727136579,3.0938265403923598e-12,-3.25539809166535,1.38977346771439e-235
354,BACUNI_02635,0.773309773836424,3.0938265403923598e-12,4.18476144674175,0.0
355,BACUNI_01224,-0.758800891556657,3.1451618105688497e-12,-3.30223431602207,4.4751431543493195e-176
356,tsf,-0.72915115044044,3.2298003049706697e-12,-2.42869581572878,0.0
357,BACUNI_04144,-0.707296668807615,3.24430334191998e-12,-0.767118170702117,2.5303381869454798e-26
358,BACUNI_01992,2.08762764126217,3.29512795705399e-12,3.78210253445156,1.25285200129996e-187
359,BACUNI_01557,2.31500654114637,3.3786596200339197e-12,2.77464269500113,0.0
360,BACUNI_04339,-0.695196911489756,3.38798104777883e-12,-1.39494978599443,4.28668863291333e-50
361,BACUNI_04187,0.717352465413548,3.53529214673186e-12,0.622045123265369,7.00285190294493e-19
362,BACUNI_02949,0.776764473924356,3.64144908316182e-12,1.32913900312549,9.694074941181451e-60
363,BACUNI_00503,1.08790601469812,3.64144908316182e-12,2.07943456618447,1.51466181785385e-73
364,BACUNI_04611,-0.656328068934844,3.76497007593066e-12,-2.39571661265882,5.12116544530707e-121
365,BACUNI_00780,1.0344113204022,3.86253363448875e-12,1.13737158256444,3.88960972463106e-52
366,rpoB,-0.563300000581474,3.86253363448875e-12,-2.50216166423676,0.0
367,BACUNI_01979,-1.26039955085266,3.86532138060255e-12,-1.67344923923149,7.728644090916119e-11
368,BACUNI_04517,1.20095733115249,3.8739603094061e-12,5.4122658380605,0.0
369,BACUNI_02867,-0.920624835983809,3.91411811622218e-12,1.68832792143543,9.72644353076989e-83
370,rprY,1.13936495411291,3.99759687298199e-12,0.974578183677352,9.08818044431829e-41
371,dinD,-0.830110342192398,4.0527914157411894e-12,0.664657835477512,1.9115699319774e-08
372,BACUNI_02350,0.852149471400406,4.06041454933272e-12,1.65733692613148,6.91221098443759e-105
373,BACUNI_00469,-0.610839660606608,4.07517759293994e-12,-1.5862745858144,2.31063236547096e-127
374,BACUNI_02647,0.910800905697723,4.10361568472771e-12,0.74244791914369,2.77034950684719e-08
375,recX,-0.931406311967788,4.1069624571630096e-12,-2.43670757810517,1.20030137317275e-125
376,BACUNI_01394,-1.30616029952908,4.11313100671757e-12,-3.16066446149426,5.1668859628847605e-24
377,BACUNI_03107,-0.844148578064598,4.14081685030898e-12,-2.47123578960115,5.63041306248271e-59
378,BACUNI_02317,0.565525794368231,4.14202603711891e-12,1.64717858084816,2.73506510228794e-66
379,BACUNI_01315,0.742944502223786,4.14202603711891e-12,0.831558706475007,2.5043170526964202e-17
380,BACUNI_01386,0.635470526214391,4.19015739963196e-12,3.84426964272619,0.0
381,BACUNI_04455,0.676313242854608,4.19123735567706e-12,1.36183250304884,8.38978989276495e-71
382,rpoC,-0.559354062760026,4.19123735567706e-12,-2.15585098797054,0.0
383,BACUNI_00556,-0.676900525481795,4.1966467312882694e-12,-2.00194544460541,2.4237123437178197e-204
384,hisB,-0.657143220965303,4.20043110950302e-12,-2.84096372463145,5.73234813528943e-169
385,BACUNI_01155,1.26548234012215,4.20043110950302e-12,-1.98466022067103,5.20061816674648e-29
386,ileS,-0.605250846984969,4.21897485039009e-12,-2.94537424276017,0.0
387,panB,-0.661272741321838,4.24512139930331e-12,-2.42254228084593,0.0
388,BACUNI_00043,-0.758655034464194,4.2959606389706695e-12,-0.680749993241563,2.1443962302607e-17
389,BACUNI_01384,0.943983676068413,4.33226496165532e-12,4.1884103335048,0.0
390,BACUNI_01909,1.65715054720235,4.54799679353101e-12,-0.508639450838198,0.0161712167133395
391,BACUNI_02383,0.651946864875487,4.64372413031123e-12,0.748803813164124,4.50650407958924e-33
392,BACUNI_01215,1.13204876334438,4.65368804390186e-12,1.50531134492142,1.18520644677406e-97
393,BACUNI_04325,0.541344617437368,4.81026956380209e-12,0.841549617618288,1.4164772326829398e-40
394,asnA,-0.544169612256479,4.86879407196108e-12,-2.46958811381435,4.8984276196956e-171
395,BACUNI_03150,0.781848398534898,4.94603579133061e-12,1.19818801516064,8.61420156943206e-26
396,ilvE,0.527648598568923,5.0962516842923e-12,0.719046725833586,3.06503841499857e-40
397,BACUNI_00836,0.93465664995945,5.16513054278781e-12,2.53086656558358,2.7360870976607298e-266
398,proB,0.6473155340293,5.20708333011221e-12,0.97488130810387,6.1266722309940795e-33
399,rplU,-1.12181337156197,5.30958140022092e-12,-2.00278767045082,7.73863556838149e-227
400,BACUNI_00624,1.054515690844,5.3110150672424394e-12,1.68109948185843,4.47161849674626e-37
401,secD,-0.555682155523467,5.31107140216798e-12,-1.2163561258398,1.21397761871245e-104
402,BACUNI_03783,-0.87426081020303,5.31107140216798e-12,-0.534795388802031,2.03687893884448e-10
403,BACUNI_04256,-1.14653465731557,5.31107140216798e-12,-1.89454928568899,6.90525890019912e-42
404,BACUNI_03532,0.883980493928615,5.3794105615904595e-12,-1.07419495433272,1.10701169720582e-50
405,BACUNI_00954,-0.598584233411973,5.497033921825559e-12,-2.01111225322377,2.25432850880253e-217
406,trpA,-0.859434760449599,5.5672505064956894e-12,-4.09423654560661,4.53160472596083e-189
407,BACUNI_01446,-0.760032220952233,5.6502579984152995e-12,-3.93247859348869,0.0
408,leuS,-0.597349739379602,5.7193679315307995e-12,-1.36633428118327,3.84298680580784e-95
409,BACUNI_00432,-0.516840272682678,5.734818052108699e-12,-2.6203041412581,0.0
410,rplS,-0.994524582369362,5.76416457230941e-12,-2.64504579148089,5.28684230027538e-256
411,BACUNI_04502,2.48011569434655,5.819047390622599e-12,10.0884225763908,0.0
412,BACUNI_01163,0.596659713979513,5.85489643546422e-12,-0.622853086248084,9.36915714011251e-21
413,rpmI,-1.08779615688884,5.88330518057838e-12,-1.76199997906357,1.52701010854873e-60
414,rplE,-0.812293936074212,5.93604944521988e-12,-3.30211261827161,0.0
415,uxaC,0.932594910826126,5.99203144596825e-12,3.18812886573167,0.0
416,BACUNI_00151,-0.709228698548682,6.09853278509224e-12,-1.35509894194683,1.87390236817771e-21
417,BACUNI_02946,0.613346866826834,6.2694313691293395e-12,1.77917241836677,3.90740998257503e-147
418,BACUNI_01869,-1.00101680680404,6.2799781885017996e-12,-3.64090998569511,1.47262790363339e-191
419,prfC,-0.615122958766694,6.39122274652607e-12,-1.60712746919837,6.39880892066866e-195
420,BACUNI_02460,1.01834087608739,6.52649808791552e-12,1.65245670688756,3.89153112779778e-62
421,BACUNI_04248,0.714659533670993,6.52649808791552e-12,1.74237424506591,9.27147017065663e-130
422,BACUNI_04448,1.1475337055535,6.542426650785299e-12,-1.63601222470273,4.95645976097993e-48
423,BACUNI_01142,1.17727408084481,6.59372203172185e-12,1.88787216567706,1.1051488497286e-60
424,BACUNI_00206,-0.526792620241149,6.828084503845699e-12,-1.77782939277692,3.15113097181018e-92
425,gpmI,-0.63978987580548,6.828084503845699e-12,-1.86654690499184,8.694960551398251e-145
426,BACUNI_02643,1.18006427215265,6.84985883067831e-12,5.54804012257314,0.0
427,BACUNI_04684,-0.541918707458795,7.01930519313124e-12,-2.1582299705618,0.0
428,BACUNI_04366,-0.934533007759963,7.0523429194052495e-12,-2.10957273510233,1.5736233504755502e-132
429,BACUNI_03659,-1.01042483684373,7.14874230678864e-12,1.19610086519422,2.4812464301568597e-12
430,BACUNI_03002,-0.79336023103388,7.19083128770508e-12,-1.05689030632978,1.4573737749196898e-40
431,BACUNI_02451,-0.564304532849707,7.19083128770508e-12,-1.2111066431312,1.65869026486097e-35
432,BACUNI_01444,-0.74400679409613,7.42090108498865e-12,-2.51440122993297,4.48580024022424e-292
433,BACUNI_01986,0.778906551635,7.57261503109967e-12,0.76161993627666,1.80313432729219e-32
434,BACUNI_01283,0.667068822193986,7.58024388288651e-12,0.5436040801926,5.60900609258309e-07
435,BACUNI_00839,0.53760801823633,7.68270679820826e-12,0.566063334393391,3.87800433460123e-20
436,BACUNI_02223,-1.75046230195675,7.81159748898578e-12,-1.78803631315596,1.2275614499041e-11
437,BACUNI_03114,-0.785818501881398,7.860597711198919e-12,-1.1878278525913,1.51014775568895e-11
438,BACUNI_00150,-0.699111991550861,7.961856091456959e-12,-1.30326040256026,1.6182509848068e-13
439,BACUNI_00725,-0.858481729839276,8.048586549573119e-12,-1.24673487086349,3.1674057270572298e-18
440,BACUNI_01113,-0.554005085715101,8.181941835449839e-12,-4.03352980123274,0.0
441,BACUNI_01263,0.657108801162178,8.20433028157015e-12,-1.03530113885527,4.06625290832329e-33
442,metG,-0.501392492079184,8.30248283802196e-12,-0.883817889478559,1.2840635687288e-22
443,BACUNI_01296,0.819878804026875,8.309086215677629e-12,-1.1371377947929,5.18347247585982e-27
444,anmK,0.826814792340674,8.36071001094548e-12,0.708831819018182,1.0036407093208201e-25
445,BACUNI_03992,0.735501950396998,8.386959697464469e-12,1.18816823417454,6.53594627827455e-58
446,BACUNI_01171,0.797937799855504,8.46019183184652e-12,1.00807467943287,9.17085910729284e-38
447,BACUNI_04323,1.11933353820061,8.48834558992758e-12,2.47358126241829,6.740617417361039e-255
448,topA,-0.611854636630731,8.495598251288329e-12,-2.26227887598493,5.52890837260174e-264
449,BACUNI_01811,-0.641005966700458,8.495598251288329e-12,-2.27387906033948,0.0
450,mtgA,1.4199186779323,8.60255713379404e-12,0.996680386218536,6.212684044015e-29
451,BACUNI_00764,-0.542871922256712,8.72437188924025e-12,-1.95154831478328,1.16072446065803e-49
452,BACUNI_00382,0.710119716447025,8.88659066342343e-12,1.23071578799162,4.14653307594379e-58
453,rpsF,-1.13928089433524,9.3487198614761e-12,-2.85984838599836,0.0
454,BACUNI_00654,-0.596163604422514,9.3487198614761e-12,-1.89535919520388,2.16934073930711e-104
455,BACUNI_00199,-0.517382064872084,9.473274979289859e-12,1.0150080059936,1.68613905868234e-07
456,BACUNI_04543,-0.743016447947571,9.62190833961539e-12,-2.46179958932866,2.02411375061398e-169
457,sppA,0.501234314438626,9.70242422484198e-12,1.53921334213479,1.73172492394111e-172
458,BACUNI_03749,0.95563928810234,9.71181511847808e-12,3.11735283806071,6.0585526696498e-254
459,BACUNI_01447,-0.797219328450684,9.732840847858029e-12,-3.65605060680703,7.7767774679023e-249
460,BACUNI_04612,-0.532320498050588,9.79350612510336e-12,-2.65282081580953,3.04056936916743e-194
461,BACUNI_03264,-1.00496774453417,1.0007522063568299e-11,-3.8571544243269,9.2594674975186e-293
462,fim1C,0.53516565980264,1.0007522063568299e-11,1.32905010640299,5.0987617983998004e-20
463,BACUNI_02831,1.06910705002815,1.0009478190068599e-11,0.553660834766035,1.76287537880749e-05
464,BACUNI_03976,-0.873662377906214,1.0144022796008e-11,-1.21062170852336,2.1613453293210797e-30
465,rpsB,-0.824993952895866,1.0282917149737098e-11,-2.53165334239723,0.0
466,xth,0.58229817435728,1.0308697204894299e-11,0.797988444777524,2.49510227436891e-39
467,pyrK,-0.548473028610644,1.0400111898530899e-11,-1.21215737372641,6.829942002282111e-52
468,BACUNI_01257,-1.35405096379741,1.0516002818572899e-11,1.57779391623762,1.67120034661177e-45
469,lpxK,0.570698999169771,1.09021082016797e-11,1.04889891422699,3.22660973607966e-46
470,leuB,-0.674002488255066,1.09084034494209e-11,-3.36479358016494,0.0
471,BACUNI_01960,-0.823564722484736,1.09102180215676e-11,1.10673329444975,7.28908245817469e-24
472,BACUNI_04032,-0.730203814157807,1.1114820916849199e-11,-1.43296709671133,5.443189433267399e-12
473,potA,-0.637558405543171,1.11670348105013e-11,-2.92738884566024,3.0214248167163e-216
474,BACUNI_04073,0.583059216746964,1.1197100369472698e-11,1.37289477906795,1.87669390572509e-94
475,fmt,-0.557270751129913,1.1201842101468e-11,-2.20386033582631,6.14679167055691e-237
476,gnd,0.828958342856513,1.1288146010651798e-11,2.24741919586797,4.9598356346877195e-192
477,BACUNI_03781,-1.08413459661222,1.17461953411165e-11,-0.508784357176765,3.06879121981892e-10
478,def,-0.534362337756615,1.18093484679468e-11,-1.6692409897247,1.8524663299825e-92
479,BACUNI_00949,-0.95938715840931,1.19804631119875e-11,-2.18885821726577,3.7289293176202405e-120
480,BACUNI_00323,1.05953911777445,1.19804631119875e-11,1.58360372862764,6.84999643486266e-75
481,BACUNI_00144,0.923915747871398,1.19804631119875e-11,0.672435031752529,1.3452607559337698e-11
482,der,-0.776326536351704,1.19804631119875e-11,-1.92645489788774,4.43474496807894e-239
483,pepT,0.566521866778558,1.1989841914383099e-11,0.61283059943179,6.19869688605729e-19
484,rnfB,-0.823338561707896,1.21908832322432e-11,-2.20746584602928,7.77791833880541e-74
485,BACUNI_04024,0.501699143171834,1.2252956716707798e-11,0.553902592355707,2.4036704121130702e-15
486,BACUNI_02372,-0.605446679935742,1.2286537451124298e-11,-2.32063424142327,1.3115719281226001e-99
487,BACUNI_02906,0.528505480194724,1.2305482208668299e-11,1.0960155695983,1.31530645074691e-34
488,BACUNI_04514,2.67776723313914,1.2333445839205199e-11,12.8799051486919,1.77183402614789e-218
489,BACUNI_02032,-0.569140832506033,1.2521794116081499e-11,-2.57733404436558,0.0
490,rpsL,-0.973103134927545,1.2950899742458698e-11,-2.31524276296188,2.72029239125319e-267
491,BACUNI_02754,0.651537693516996,1.30380102130013e-11,1.88042409003166,1.246597824464e-95
492,BACUNI_02199,-0.738100634855829,1.3577334614594798e-11,-0.715306194624963,1.17469717518719e-06
493,BACUNI_04513,3.25250830318988,1.3603507061184398e-11,12.7212723892981,0.0
494,era,-0.500076209447304,1.3615276963816199e-11,-1.65879580367296,6.17446537468974e-157
495,BACUNI_02849,0.751656370329986,1.36484528488988e-11,-1.28418861246086,6.24910673992757e-42
496,BACUNI_02182,0.507531788380572,1.3772618278243199e-11,1.36665022935873,1.0542239485662899e-77
497,BACUNI_02644,1.01559472850107,1.3881722582740002e-11,5.05084674908217,0.0
498,BACUNI_04317,1.12940879678167,1.4227398871171001e-11,2.1100038562781,5.42709379052118e-145
499,mfd,-0.502993468344187,1.4301931802810001e-11,-2.37195566541972,8.44825801800078e-267
500,purU,-0.824866937480326,1.50991567462804e-11,-2.7330461249657,1.40134246894095e-190
501,BACUNI_02829,0.590217410636313,1.5100193472323897e-11,1.03963212005571,4.50383489377055e-15
502,BACUNI_01130,-1.42859073776477,1.51041472760548e-11,-0.84293926268001,6.55776907870135e-12
503,sulP,-0.878561688941282,1.5199996074609e-11,-4.35966922160056,6.47515955342263e-263
504,rpoA,-0.610237383330986,1.5426453047991697e-11,-3.34272456622894,0.0
505,BACUNI_03945,0.545950566714229,1.55177267346322e-11,1.65746851729938,2.0890834771939703e-155
506,BACUNI_02640,0.982035647734229,1.55888825655642e-11,5.35728796339095,0.0
507,BACUNI_01985,0.592867722677376,1.60518024099834e-11,0.633362969383362,2.20198688764312e-27
508,dapL,-0.615552104520305,1.63880464962589e-11,-2.67475605945244,3.13858801888545e-80
509,BACUNI_02381,-0.635307648013217,1.68322914420065e-11,-2.34929826235056,1.31468386902679e-131
510,BACUNI_02390,0.821753343639994,1.75986307432734e-11,2.8720918826823,1.68517009462979e-149
511,gltX,-0.661345502098488,1.7754176000826e-11,-1.66277729257623,8.31011554342509e-174
512,BACUNI_01149,0.502457580262348,1.7948436703560197e-11,0.90584408183128,1.03020817384813e-17
513,rplF,-0.708680072202913,1.8022749290555497e-11,-2.79691067590569,0.0
514,pth,-0.547973928000932,1.80531184879859e-11,-2.62224318039224,2.83167294248029e-231
515,BACUNI_04381,-0.928750465906035,1.81537469958165e-11,-0.899357675749888,4.9224833221065e-31
516,BACUNI_02224,0.661796493028319,1.8344552480981e-11,0.626898446447617,9.73078194736646e-18
517,rpsP,-1.15392801354124,1.84493188740418e-11,-2.36416594919259,0.0
518,atpE,0.962249530263339,1.8613722640822398e-11,2.18967179644967,2.10766310366537e-145
519,BACUNI_03930,-0.519603382916458,1.8996499872404797e-11,-1.07158903465796,3.6849729186651e-17
520,BACUNI_02074,-0.790299378027548,1.90340922273722e-11,-2.98740355200766,2.14264568379768e-224
521,BACUNI_01052,1.35166720768139,2.02079213460081e-11,3.7620263263331,5.84676943667154e-68
522,tuf,-0.543009838547881,2.0479114195655298e-11,-0.536521775481624,4.03307025177702e-16
523,BACUNI_04257,-1.06573186285263,2.06839171180564e-11,-2.28318063095855,8.74790533317923e-37
524,rpsT,-0.9541314101875,2.06966608481819e-11,-1.78493324205567,6.527530430099321e-63
525,BACUNI_01639,-0.607997055866146,2.0803571855048197e-11,-2.78379065386258,1.34506451708856e-175
526,BACUNI_01092,-0.597286149241263,2.0929111081076498e-11,-1.1785974881847,1.12158672506896e-21
527,BACUNI_01502,0.561108771039848,2.21966573025096e-11,1.23919807953988,1.28011128828505e-33
528,BACUNI_01393,-1.62408392860321,2.22330343530368e-11,-1.88490592282866,8.213356961719389e-12
529,BACUNI_01804,0.696085346929607,2.2283586033879497e-11,-0.558331974510428,6.24197243921635e-12
530,BACUNI_02034,-0.706310929880633,2.2317982845796298e-11,-2.20397946663348,3.63328889842571e-198
531,dprA,0.705295714170123,2.2809372980749597e-11,-2.01813354648947,1.99468329927927e-144
532,BACUNI_04698,0.885229458353653,2.3624403000176497e-11,0.556254185362621,2.1449424963035902e-09
533,BACUNI_03592,-1.01230425922707,2.38191778402362e-11,-4.71521305531413,0.0
534,BACUNI_01216,0.563451895869242,2.38362451224001e-11,0.83655964803366,2.39651558534568e-32
535,BACUNI_04504,2.69438239401208,2.47332150878807e-11,9.6254710264086,0.0
536,BACUNI_00138,0.708233821432415,2.48638584734807e-11,0.740280871217336,1.00848857947935e-16
537,BACUNI_03664,0.698402292472874,2.49004200363342e-11,1.32863465947974,3.81348240295949e-26
538,BACUNI_03166,1.03703617428802,2.5199109480534198e-11,2.39362789637749,1.36551614121693e-31
539,BACUNI_01988,0.655542485828271,2.52091898113181e-11,0.963861027273854,1.0236330796149e-44
540,BACUNI_00062,-0.761885985855724,2.5304823043340298e-11,2.63607942321975,7.75023356412381e-27
541,BACUNI_04275,0.598101329052945,2.5563577189560296e-11,1.11617020970288,7.54314064815708e-104
542,BACUNI_01552,0.56991221907316,2.6116679139475597e-11,-1.71350218274563,9.0412468769513e-36
543,BACUNI_02779,-0.932569939375991,2.62424724506348e-11,-2.80928783666869,1.99749723890942e-186
544,BACUNI_01935,3.84360221245995,2.6394742537199498e-11,7.79267327741285,0.0
545,BACUNI_01015,0.924766994658206,2.64759181366617e-11,1.93278614695566,1.96701219120871e-144
546,BACUNI_03452,-0.649268203337446,2.67071453454928e-11,-2.5387754375385,7.149409538952579e-70
547,ribH,-0.567519772366811,2.67071453454928e-11,-2.5331089016301,6.84178240333528e-79
548,BACUNI_00193,-0.714375031944332,2.7131181448050897e-11,-2.08528877275199,1.3254647672675302e-35
549,BACUNI_04259,-0.903847417977452,2.74245859633003e-11,-1.64704927783568,1.97414210340851e-33
550,BACUNI_01010,-0.527069602955965,2.74245859633003e-11,-2.8239831458056,1.0350404417561199e-192
551,rnhB,-0.918906402298738,2.7931013814271898e-11,-0.954578017654662,5.132272941726459e-11
552,BACUNI_03285,0.850335137335936,2.7975673317338297e-11,0.675435987637126,0.0006503519722739
553,BACUNI_03969,1.28304400910756,2.8789186296547297e-11,1.79004589599169,4.1958174297626603e-17
554,speA,-0.53933934680688,2.8989884939587497e-11,-2.08001041370225,1.3425793536474002e-237
555,BACUNI_03023,-0.648020227582325,2.90902231068521e-11,-1.46255010145614,6.91643865578442e-38
556,BACUNI_01174,0.745663379363055,3.0758018450009794e-11,0.946493108314635,2.40508565337193e-10
557,BACUNI_04260,-0.767463870817618,3.0758018450009794e-11,-1.50984794421828,2.39743526362719e-23
558,BACUNI_00431,-0.524728481270671,3.1394434896490795e-11,-2.61074587138414,2.14904897837622e-175
559,BACUNI_01882,-0.812434237261293,3.1394434896490795e-11,-2.51286502333743,1.10072423652506e-51
560,rpsU,-0.956051843556505,3.2264433487568397e-11,-1.86571084831968,2.04137311616192e-51
561,mce,0.819793672163676,3.3345124397581004e-11,1.72665059837382,2.96258519416477e-133
562,BACUNI_00574,0.507695569341635,3.38033234613131e-11,0.636855534540697,2.4791470761883597e-22
563,czcA,-0.671430925715683,3.40154252369786e-11,-1.20657314351781,3.78788246582143e-96
564,BACUNI_01351,1.49519636761742,3.4508322263344e-11,2.97073762475029,1.50446618730322e-157
565,fcl,0.587402069223465,3.52138445018944e-11,0.83280304181351,3.79649023472302e-29
566,BACUNI_03844,1.35464231670326,3.53888227480112e-11,3.81641355095464,1.72397634963702e-90
567,pheS,-0.564134224842419,3.53888227480112e-11,-2.1071870719747,3.4590282194679504e-198
568,BACUNI_03104,-1.58138678613603,3.5641164126590195e-11,-1.24383815733557,7.59156966716559e-12
569,BACUNI_04136,-0.549325538526727,3.58213493377531e-11,-1.6020507609236,4.4233008631879505e-112
570,BACUNI_02073,-0.593198241380897,3.6026076597990695e-11,-3.09524771611822,2.02768191035051e-183
571,rplK,-1.0172190444797,3.6412851314049e-11,-2.9932189678021,0.0
572,BACUNI_01347,-1.47370322280929,3.6670855589036294e-11,-2.72174787209734,3.1286155329827896e-26
573,BACUNI_03798,0.636210358911047,3.7674665858849897e-11,0.80465302854426,1.87774124156978e-07
574,BACUNI_02321,-0.553005193618898,3.82631599249136e-11,0.542019846844116,2.80520778649488e-10
575,serB,-0.530971753431295,3.8640647263133695e-11,-1.9213030105555,5.784876174671969e-187
576,BACUNI_00625,1.03730463413136,3.9412811492262695e-11,1.85562995058898,2.63019248865383e-54
577,BACUNI_00568,0.619801824796124,4.32751977702297e-11,2.12264347552677,2.8171338663543996e-196
578,BACUNI_03591,-0.805550677561431,4.3591697075542494e-11,-4.34570090210423,0.0
579,proS,-0.61762351200845,4.38356718000533e-11,-1.88015938246814,5.54309323942524e-130
580,BACUNI_04528,-0.739386624268846,4.3864165112424e-11,-0.561012016702738,1.76399949517305e-12
581,waaA,-0.568565427339152,4.41590051043409e-11,-1.96825329670664,3.1993938925565096e-265
582,BACUNI_02641,0.940378715879977,4.480657971256209e-11,5.38716138500687,0.0
583,bioD,-0.561863269266496,4.54049409195865e-11,-1.94982304204772,1.0335937077966399e-12
584,pfp,-0.598033693409469,4.5780095398072197e-11,-1.88745295071454,1.0609007613283001e-197
585,nrdG,-1.31129590681105,5.0728682818044e-11,-2.57728454109197,3.15071174159237e-60
586,nusB,-0.52524643234235,5.0728682818044e-11,-1.78382210077789,9.19444893696743e-151
587,ettA,-0.544342961332159,5.095596001225889e-11,-0.998453283461875,1.21730385917791e-29
588,BACUNI_01500,-0.533863830285231,5.18746314431318e-11,-1.5688958112616,1.51154365654126e-51
589,BACUNI_03709,0.686830361037384,5.2824987537994194e-11,1.51184261286649,3.21373935558497e-08
590,BACUNI_02075,0.54743778130732,5.3767297181382396e-11,1.31574442026908,8.6260214675515e-34
591,BACUNI_00728,0.571635843275825,5.4034958502321795e-11,1.1881785232977,2.59870722230172e-45
592,BACUNI_03267,-0.974721955328572,5.4769474478005396e-11,-3.67028013756075,6.3379677794762e-235
593,BACUNI_00102,1.05852587801538,5.495193789660729e-11,2.98409954779604,1.1394937697082599e-209
594,BACUNI_02072,-0.584079264304791,5.575356349306469e-11,-3.37229875994106,0.0
595,BACUNI_01984,0.747760389750169,5.575356349306469e-11,1.11224514091792,1.0191212955229e-56
596,BACUNI_01501,0.596203150118445,5.6173997275709695e-11,1.05255179572071,8.256896773969351e-46
597,BACUNI_03818,0.615003833219482,5.7140390112690196e-11,0.889372626258354,1.3675655460431e-51
598,BACUNI_02049,-0.74250919238013,5.7140390112690196e-11,-2.34590522633562,6.341283344286671e-277
599,BACUNI_03330,0.628033090884841,5.94931986999445e-11,2.64204005939765,7.04177468324106e-135
600,BACUNI_04097,-0.638993633635589,6.100986632598479e-11,-2.77018154587626,0.0
601,BACUNI_03690,-0.723948391029523,6.19187281846858e-11,2.31522235057475,1.64013741478903e-22
602,BACUNI_03857,0.792438141363412,6.23825667233801e-11,3.61780018860426,0.0
603,BACUNI_01881,-0.674229969860463,6.47678498946905e-11,-2.67193717931477,3.04457083318341e-29
604,BACUNI_01114,-0.982505254592411,6.61143971361639e-11,-4.38102059045786,4.43431977440714e-25
605,BACUNI_00932,1.07564719076181,6.900218497149689e-11,2.62883936721883,3.19598292435352e-127
606,rpmD,-1.25370779526025,7.060059750533179e-11,-2.99782474756828,0.0
607,BACUNI_00355,0.885634193990597,7.10085109156291e-11,2.0492902955756,8.96326856437853e-54
608,BACUNI_03883,-0.505438269107625,7.29394550148952e-11,-1.61760613849607,8.17897307919178e-64
609,yidC,-0.508871670215537,7.33384321929439e-11,-1.48044536350384,4.8173922309398004e-98
610,BACUNI_02254,-0.967367064750185,7.33384321929439e-11,-0.809227078247247,1.23631213814219e-14
611,BACUNI_02742,0.604253050679194,7.5407870196918e-11,1.09611621571723,7.34736557010483e-58
612,BACUNI_01324,-0.725597944973387,7.559173758569009e-11,-1.47582488997015,6.708214613490199e-58
613,tig,-0.814429182526801,7.559173758569009e-11,-2.09089507968305,6.73025716308894e-267
614,BACUNI_04123,-0.926192701972479,7.79625416710284e-11,-1.330894065519,1.7941643099212002e-32
615,BACUNI_01551,0.596270254256776,7.83943337217075e-11,-0.883370811733548,5.2370228632021106e-15
616,rfbD,-0.524933930430514,7.999079601870949e-11,-1.63482873867936,1.19806219825133e-138
617,BACUNI_03318,-0.606800007326445,8.425035962795001e-11,1.00557015949187,2.83596145018746e-41
618,BACUNI_01426,1.42866476339193,8.7958649580149e-11,3.71011821853053,0.0
619,BACUNI_00298,0.924489232085527,8.800898146683259e-11,0.685418853427775,1.6067589323163498e-18
620,BACUNI_01005,-0.564888129074422,9.069605652268649e-11,-1.24958052229375,7.61876684358942e-19
621,thiH,-0.590228817135042,9.433206440344229e-11,-2.08113136805188,2.00967646854545e-76
622,BACUNI_03297,-0.567402648655726,9.591234701086769e-11,-1.03513901829217,1.54797507705065e-39
623,BACUNI_03778,-0.516548832961689,9.71034472990476e-11,-0.686968310107172,3.69646373649253e-19
624,BACUNI_01103,-0.879508162511019,9.77404612774809e-11,1.63624224818865,3.17979283164382e-85
625,BACUNI_02098,0.879712648891473,9.7983046232544e-11,0.61630111011428,5.1687903318262703e-17
626,BACUNI_03039,1.38965387194943,9.83729156374232e-11,0.893098355492391,1.9221816648926e-21
627,BACUNI_02763,0.735786100370429,9.864736098951018e-11,2.35556967298343,4.44417719239615e-152
628,greA,-1.1195009529168,9.868641356028879e-11,0.607152898658608,1.0587964824321599e-16
629,BACUNI_03287,-0.657610069304251,1.02827681004589e-10,-2.04412595953414,1.84010638261573e-54
630,BACUNI_03053,-0.512975277952258,1.04286003664959e-10,-0.630042929968798,1.59581771694483e-06
631,BACUNI_02016,0.827317316807054,1.04877681507102e-10,-1.22684113975621,8.307891261810959e-41
632,queF,-0.706172281908508,1.0672095163732901e-10,-1.63171516580172,5.396751522351421e-47
633,BACUNI_01422,0.547099418482198,1.09495675064055e-10,1.17656472090055,3.49697513064192e-87
634,rnfD,-1.03327512322289,1.11378555837701e-10,-2.14480827539493,2.14273927310946e-61
635,adk,-0.772488701927735,1.14496276971955e-10,-2.16529392146801,8.50455150733411e-213
636,BACUNI_03858,0.798281556973098,1.16003891914833e-10,2.24550564657265,5.97290619476748e-263
637,BACUNI_02017,-0.57550580486793,1.1932724708855e-10,-0.988643216839377,1.13203830557649e-52
638,thiL,0.737080723063308,1.22399247521027e-10,1.12155087857399,2.6675024338575802e-51
639,BACUNI_01295,0.725215677928833,1.27427468652543e-10,1.67751199928586,3.4746329559958e-44
640,BACUNI_01184,1.0125145420125,1.28316319801532e-10,2.04574369886954,1.89228838676643e-213
641,BACUNI_02455,0.897674898467521,1.34674075898882e-10,2.02010875685049,3.3657251968399502e-183
642,thiG,-0.671893224339762,1.3510158146249002e-10,-0.802045408007731,6.20353962741332e-14
643,udk,0.732694544219786,1.3572651867980401e-10,1.67567960760782,1.5410470038926398e-92
644,hisH,-0.540368151905852,1.37262127676826e-10,-2.90016427134725,5.168291291103319e-209
645,BACUNI_02369,-0.562001008333585,1.39186521226085e-10,-2.06326903252724,5.76496874386412e-58
646,BACUNI_03312,0.986163988192821,1.39800577747008e-10,0.932027786653938,1.83662894308091e-17
647,BACUNI_03361,-1.62364873234129,1.40047066679436e-10,-1.060655357725,0.0175261849058913
648,BACUNI_04351,-0.613092720476121,1.42509139555185e-10,-1.36494076129016,3.3581562921152403e-09
649,BACUNI_04715,-0.596701636317796,1.4536839741706e-10,-1.87247826425514,6.5417703807509305e-68
650,BACUNI_03495,-0.731084638029643,1.45384191478745e-10,-1.24681917333363,3.8054807832770305e-21
651,BACUNI_01323,-0.608515374848238,1.49780882694436e-10,-2.03182992874386,5.98885732649539e-84
652,BACUNI_03904,0.9582131884662,1.50727288785344e-10,1.66705168978193,4.70899581965982e-41
653,hisC,-0.510331868942128,1.53882597363686e-10,-2.64227204831066,9.24573763409906e-167
654,BACUNI_00727,-2.22822932296351,1.54685522816373e-10,-1.83514558598249,1.1917898079785e-65
655,BACUNI_02642,0.991810092801614,1.58936286587369e-10,5.52546765124317,0.0
656,ychF,-0.619071476654817,1.60050885625349e-10,-0.96673277093816,1.23075992597396e-24
657,BACUNI_02217,0.658377460377608,1.62713608176929e-10,1.40305727219208,1.6860940396586698e-62
658,BACUNI_03133,0.558033401115246,1.64040524769539e-10,0.845380318507171,2.54739216027037e-52
659,BACUNI_01354,0.81518431307131,1.71130638200811e-10,1.12558741814379,7.952947884812601e-20
660,BACUNI_01009,-0.520613176735846,1.71257445651892e-10,-2.73023949828464,7.78541194173164e-119
661,BACUNI_03062,-0.620538721378267,1.86936221626428e-10,-0.704258465759411,0.0137343483507018
662,leuD,-0.668930836309393,1.91808944718397e-10,-3.84850314696383,8.63760755780122e-185
663,BACUNI_01360,0.906621346846773,1.9294506278222401e-10,1.59454434837298,3.66459143823121e-39
664,BACUNI_00115,0.804689656082228,2.16697802828308e-10,3.02523780642894,2.6184543361265603e-47
665,BACUNI_00748,0.641211125309045,2.2189548744600701e-10,1.40856577485723,2.82209828355358e-31
666,BACUNI_04593,0.623174268962902,2.30062821940865e-10,2.28932929896321,2.57095964719187e-114
667,BACUNI_01239,0.701723550075823,2.30653893918128e-10,-0.985889807773793,3.92465406537438e-26
668,BACUNI_03435,0.713839557814982,2.34944516560321e-10,0.789945040572409,3.6777228493701405e-09
669,BACUNI_02827,0.507557006250739,2.40175300855764e-10,0.70916167782465,1.9525944569308e-07
670,BACUNI_03086,0.622747104999373,2.44463095235916e-10,0.91965262416479,2.016991217484e-33
671,trpC,-0.906492221914924,2.48683727396833e-10,-3.97593625827238,2.13109574606293e-160
672,BACUNI_03748,0.906612560461102,2.50193402152989e-10,2.90520115799126,1.71786445946099e-104
673,BACUNI_04509,0.833412707923696,2.5124324801038403e-10,5.51545030472903,0.0
674,BACUNI_04271,0.801195653436423,2.51998461492104e-10,1.77326523299193,8.3409513725592e-131
675,BACUNI_02564,-1.23516182457088,2.5652798129878703e-10,-1.80923270196159,1.04057104741662e-12
676,BACUNI_04098,-0.549221778178083,2.59875746686495e-10,-2.92791420070634,0.0
677,proC,-0.539197802071264,2.65020658512256e-10,-2.4864089316009,3.3466588877349e-194
678,BACUNI_02370,1.31148757085957,2.83712894843765e-10,2.31408395938038,9.4325919195867e-61
679,BACUNI_03317,-0.648627049230239,2.87811434774478e-10,1.06433932839463,1.55740868902659e-17
680,BACUNI_01076,-0.80866442535515,3.03077453478454e-10,-2.84430175028358,1.35793338555635e-155
681,BACUNI_02298,0.670902280585292,3.0685439079338004e-10,3.13762344164107,8.38598662389359e-116
682,hisE,-0.523082649451887,3.07522637816068e-10,-1.00562636879932,3.0411577245609e-57
683,BACUNI_04320,-0.753301217938041,3.0863003785025403e-10,0.670416509523259,4.457719480341e-09
684,BACUNI_01349,1.41319987026136,3.12445136629453e-10,3.57232002298751,0.0
685,BACUNI_01627,0.782638108723894,3.2290599190683003e-10,1.1284319518797,1.1255841977124398e-78
686,BACUNI_01987,0.500391992397631,3.2290599190683003e-10,0.502884949577752,3.9993283485271294e-11
687,BACUNI_03058,-0.515509649697311,3.34473187366995e-10,-0.98665401643654,7.90908173201824e-08
688,BACUNI_01963,-0.593503727095367,3.34473187366995e-10,-1.71058970539293,2.50418423368158e-109
689,BACUNI_01838,0.533708579526586,3.34473187366995e-10,0.707227823197266,2.88867636075887e-14
690,BACUNI_04154,-0.523221012918473,3.37687878389162e-10,-1.59808317341559,7.37224805654276e-101
691,BACUNI_04725,-0.890973831003365,3.38084533038399e-10,-1.036622262829,3.8467715991743504e-14
692,hydF,-0.548271319288919,3.46872107693866e-10,-2.81249119984943,1.3409044024443e-163
693,BACUNI_04349,-0.75592041261428,3.64425249930768e-10,-2.95934768085938,2.315672652738e-182
694,BACUNI_00161,0.913753391890754,3.9334218729744403e-10,-1.21756102494264,2.3102568182667002e-15
695,dnaK,0.776427606556805,4.17106496557309e-10,2.44359951298281,0.0
696,BACUNI_04352,-0.611119960935429,4.24480655817451e-10,-1.68167788037016,1.14593013282974e-23
697,BACUNI_03856,0.621057201962024,4.34450104650943e-10,-2.17462838873238,6.03950437700261e-187
698,BACUNI_00720,0.618844386700591,4.51466618628812e-10,2.09597549846157,2.3944163230769503e-120
699,BACUNI_02792,-0.629701695599159,4.64388200003397e-10,-0.846246693053667,2.08211906852141e-19
700,BACUNI_02907,0.610251965055866,4.81865687853644e-10,0.949386041613517,7.378407595502529e-22
701,rnz,-0.741537383187552,4.93041026049911e-10,-2.40454697150057,6.70135171634581e-126
702,BACUNI_03682,-0.505649450508397,5.171632792271e-10,-1.24939608300428,2.77579747091611e-78
703,BACUNI_01950,0.552776519531982,5.35657362143962e-10,-0.645329768696862,8.6769083871735e-17
704,folP,0.56017054908482,5.68962153684688e-10,0.735834522012348,3.88048242918103e-28
705,BACUNI_03674,0.546406566273546,5.89290932149363e-10,1.38855574792101,1.63592429896386e-73
706,pflA,-0.657352775750596,6.51880746072124e-10,-3.8770674866882,0.0
707,BACUNI_01350,0.872790946528951,6.77556579719192e-10,3.21421625977769,1.87588704329086e-175
708,BACUNI_04345,-0.568836906802915,6.80629294655591e-10,-2.59340754388761,7.976989400613049e-30
709,BACUNI_02190,-0.534991766647916,7.243269595140421e-10,-0.510289313454663,1.6012093929019698e-11
710,BACUNI_04540,1.65563713670697,7.27239039583604e-10,0.987460251477129,1.13930025070896e-10
711,BACUNI_02713,1.16512525781738,7.46531848010073e-10,2.5096888695582,3.62018649321161e-149
712,BACUNI_02420,0.531445110615749,7.988705318114551e-10,1.36608860694035,1.6241380576671201e-46
713,BACUNI_03144,-0.659187417629148,7.988705318114551e-10,-1.19726489367139,1.49233554271826e-06
714,BACUNI_02944,0.769385920979321,8.38925926430358e-10,1.30198754141469,3.77968700661418e-86
715,BACUNI_00207,-0.596133344490919,8.40034865351459e-10,-1.09124864166396,3.9087665707337703e-35
716,BACUNI_01724,0.582900687267667,8.620299381196701e-10,1.38723263750413,1.19337799890207e-71
717,pyrI,0.595903993588323,8.75784877807562e-10,1.58621371164296,6.0867538739249196e-102
718,BACUNI_04350,-0.628050447851798,9.12593999379059e-10,-2.43175484612883,1.68570975725769e-181
719,BACUNI_04539,1.30984376008312,9.40189306741066e-10,1.05227270410474,1.91968045132948e-23
720,BACUNI_04603,-1.25204626789737,9.80039108102251e-10,-2.16300960568826,1.1006825053745701e-183
721,BACUNI_01137,1.04286032582397,9.98915017796072e-10,1.68646569214067,1.61813813365648e-22
722,BACUNI_03984,0.548939959635096,1.0266004480483e-09,1.68341938714888,9.999913875112159e-92
723,BACUNI_04033,-0.758977315615088,1.06697872835444e-09,-1.80052206906709,2.0278676222811902e-118
724,BACUNI_03316,-1.53932155429093,1.0822675871174e-09,-3.17757766897541,6.20382383115544e-74
725,BACUNI_02058,0.556197262098081,1.08274327293928e-09,0.806035266062916,7.66265860621686e-17
726,BACUNI_03737,1.62504326086026,1.1048405980872801e-09,1.85848956505432,4.64078679603964e-139
727,sdhC,-1.24271370591165,1.2216515109919202e-09,-0.808878418821778,1.21981379458729e-24
728,BACUNI_02296,0.566167340128949,1.2676808932550801e-09,1.66312872112798,1.31460201870004e-104
729,BACUNI_04099,0.552639930140714,1.2896458099393802e-09,0.702529694211858,1.92065622805467e-17
730,recO,0.553218012112637,1.3296674776141e-09,0.792498800019433,1.60496928300868e-15
731,ruvC,0.562570832042667,1.3565841517925202e-09,-0.813582133980054,6.62346253384128e-19
732,BACUNI_01628,-0.503918270447556,1.35962012599586e-09,-2.94613404458417,8.992711174718849e-273
733,BACUNI_03841,0.920963259663882,1.4043893787252602e-09,1.39646078053579,7.72209136949758e-27
734,BACUNI_01862,0.736014774152331,1.4446981478897601e-09,1.1815271363064,2.4691366631041404e-19
735,rpe,0.573013077524436,1.4637670109528502e-09,1.36593421481216,1.7589088362856303e-105
736,BACUNI_03457,-0.585538264157496,1.58601936163322e-09,-1.0920345583372,6.05035025653524e-39
737,BACUNI_03028,0.800108191840888,1.6179660208961702e-09,0.80088093268295,4.76877054869819e-17
738,rnpA,-0.595491453220266,1.6769163718365901e-09,-3.39977348893696,1.6649707786407198e-280
739,BACUNI_04697,0.728195267866099,1.8366773384814702e-09,0.911991264565727,4.54672582931524e-29
740,BACUNI_03066,-0.812104956051645,1.9975103485324502e-09,-1.17107193982826,1.6628854540698e-06
741,nuoN,-0.639517046978742,2.0032303215746203e-09,-3.52070627529721,5.74760839868244e-162
742,BACUNI_03839,0.905560317524902,2.0572003390101102e-09,1.30142995959528,2.60409325452515e-16
743,hisA,-0.52647051730154,2.0728127136959603e-09,-2.86164042897145,2.66651214303955e-154
744,BACUNI_01863,0.802692210702567,2.2323982982043904e-09,1.41932112950006,3.3922862663532596e-70
745,BACUNI_04348,-0.723107544211835,2.2354018062433302e-09,-2.35654481529176,1.30364537700795e-184
746,BACUNI_03959,0.558187403656838,2.26942182960573e-09,0.893146556614751,4.4385061684336006e-16
747,BACUNI_00026,0.863315233065986,2.3343934703213e-09,1.50349391374755,1.0502338594010702e-15
748,luxS,-0.832269097976535,2.35793864533732e-09,-0.990233159846788,6.8743134834134e-19
749,mtnN,-0.525051294945062,2.4541639279886202e-09,-1.89762623460346,4.25559037660657e-97
750,pyrB,0.725663724903395,2.45916270938137e-09,1.22399875965734,1.4324190388796799e-92
751,BACUNI_02788,-0.745415706537948,2.4761223523764103e-09,-1.39133290557976,8.76828757010991e-55
752,BACUNI_03762,-0.508248916126259,2.50701005005327e-09,-2.86060187706594,1.65802842134068e-92
753,BACUNI_02367,0.646814408256144,2.54098179342275e-09,1.96465301775791,5.7795715021864e-54
754,BACUNI_00257,0.575338011422023,2.5436279991977903e-09,0.533770807083718,0.0001947724424847
755,BACUNI_01460,0.51051029988778,2.54805748340303e-09,1.35595905560029,4.573936133658251e-112
756,BACUNI_02789,-0.779665561735754,2.58844041999215e-09,-1.71904471858212,9.71986909659082e-119
757,BACUNI_03446,-0.67214227583418,2.7127099498118104e-09,-3.0148594905576,1.63855676516981e-132
758,BACUNI_00192,-0.728066875616037,2.7442751392635704e-09,-1.20411189669656,2.32202297300342e-10
759,BACUNI_02655,0.884816874192968,2.8171018804931103e-09,1.06238521315016,9.959745371087462e-15
760,xylA,0.590976901607217,3.04007913455124e-09,1.63469161693612,2.16614703167147e-118
761,BACUNI_04412,0.880753992910591,3.0939692855247504e-09,1.76964216665891,7.00880826977497e-21
762,BACUNI_01406,-0.587733716000141,3.1956571657254603e-09,-0.918708570977372,2.8667799007394104e-15
763,BACUNI_04435,-1.07154428725166,3.2739881665667e-09,1.28830934250148,1.90932781242646e-10
764,BACUNI_04134,0.709589583596454,3.2739881665667e-09,-0.605103853918439,1.6914977235456201e-15
765,BACUNI_01022,-0.960938571661643,3.2831797610585505e-09,3.28638661468152,2.3003950626064598e-69
766,BACUNI_01599,-0.960938571661643,3.2831797610585505e-09,1.93231516888938,3.8639740069145097e-50
767,BACUNI_03388,0.602517585175065,3.77398753787267e-09,1.55032282223412,7.194698216254939e-36
768,BACUNI_04340,-0.546683663073853,3.84645624161598e-09,-1.2327049072114,4.39579998695899e-25
769,BACUNI_01250,-0.920685756663314,3.93919902299802e-09,-2.57710656247014,5.33805086529325e-19
770,rplJ,-0.836239190407188,3.978532663373641e-09,-2.84404326560669,4.06627228154287e-299
771,BACUNI_03433,0.514303568131268,4.3319600525653104e-09,1.3477945039057,1.0760347963903998e-43
772,BACUNI_02459,0.732284400600939,4.39918537941911e-09,1.92628610504103,1.7607225813331998e-63
773,BACUNI_03265,-0.705901426892336,4.49524945975436e-09,-3.71966471785889,3.24051107016592e-305
774,BACUNI_02173,-0.654258548487288,5.046864466019771e-09,3.00025162645622,5.051140935374859e-218
775,BACUNI_00377,0.548715328927027,5.68775090599024e-09,2.53673356470174,3.52476550085778e-102
776,groL,0.557615923219593,6.155125896314291e-09,2.77966225787968,0.0
777,BACUNI_03746,0.549016892127852,7.233020964925491e-09,3.42272552488717,4.72293791626136e-283
778,BACUNI_01254,1.39350369769341,7.67545312940383e-09,1.92636501365509,6.55175398044868e-129
779,BACUNI_03875,0.874947805966336,7.75885634318734e-09,0.981303982660569,1.3366241962992899e-43
780,BACUNI_00190,0.555674151532692,7.84641516700389e-09,2.6875313338617,1.55651614190635e-68
781,BACUNI_00286,0.526325078716614,7.93054670263111e-09,2.77219805243913,9.269952340427779e-83
782,tpiA,-0.513555508910674,7.98474892027807e-09,-1.15230230015029,3.26903105494679e-117
783,BACUNI_01470,2.08048590797724,8.945795087745071e-09,3.2315558469253,0.0
784,BACUNI_00296,0.556384830685445,9.806975147837011e-09,1.26650457295591,3.07487180012417e-72
785,BACUNI_01672,1.65290672772875,1.11633050136899e-08,2.83360396637867,4.9004461675506194e-40
786,BACUNI_01834,0.580916031422671,1.14922654615187e-08,-0.526556178260085,0.0011223991966326
787,fabD,-0.547582671658727,1.21897606534318e-08,-2.70365408318537,1.05068864165928e-305
788,panD,-0.620415349677486,1.33575834882697e-08,-1.72461904620837,5.12909320117288e-83
789,ilvN,-0.506942746002839,1.50859567419624e-08,-2.70183288122394,5.52811346346619e-207
790,BACUNI_01940,0.628047055538644,1.57384751619065e-08,-0.543588310984414,1.73865004588255e-10
791,BACUNI_00409,-0.596517600157739,1.60108485363123e-08,0.860680694652757,1.70625725620694e-21
792,groS,0.549752593283621,1.73763842080647e-08,2.88352977552868,1.97695563458072e-62
793,BACUNI_00038,1.0178699926492,1.74521410262596e-08,1.79444425471058,2.4156361658573e-21
794,BACUNI_04696,0.564114950802725,1.94811047287054e-08,1.14429832858871,6.97414179765822e-49
795,BACUNI_00241,0.616696101866417,1.97982236646265e-08,1.02604557844267,1.6269612096552199e-16
796,BACUNI_03121,0.604130174642631,2.03300860977191e-08,1.98646601220967,9.40848645236386e-59
797,BACUNI_01674,1.54090034093495,2.35748624710162e-08,2.70649482215186,1.11311686617061e-28
798,BACUNI_02172,0.792287831147384,2.40915601063451e-08,2.61592632434456,9.82656120065063e-113
799,BACUNI_01287,-0.786541240206269,3.4953125177395e-08,-1.23004720288781,4.6188023193758696e-36
800,BACUNI_03757,-1.15659237457445,3.50672125575057e-08,2.96555941969849,4.39542258732891e-257
801,BACUNI_03422,-0.876730296814973,3.51556573068553e-08,-1.67806822242566,1.03618964294108e-109
802,BACUNI_01481,0.721113373638961,3.5469687577701e-08,-1.22393394115828,5.793093838418539e-18
803,nrdD,-0.509394122773593,4.12789503322057e-08,-2.35512632001723,6.0774398508462295e-192
804,BACUNI_00538,0.578533404789813,4.16126283264813e-08,3.13200754710044,6.3683742768627e-54
805,BACUNI_03786,1.62916636855809,4.87172184970654e-08,1.83480404024772,3.00234380833054e-41
806,BACUNI_04289,-0.502593774788394,5.90151216472023e-08,-1.77521173714197,3.80646156479879e-41
807,BACUNI_04342,0.685700280410924,5.97941487333928e-08,-1.13695989770593,9.00938874236928e-59
808,BACUNI_02454,-0.527991707072115,6.04304531392707e-08,1.49027961091713,9.375871919181271e-97
809,purE,0.61379001447791,6.50577506406701e-08,1.46384453942615,5.515840810450689e-107
810,dapF,-0.636463965959067,6.60367254733142e-08,-2.68050426249087,3.5789447952902e-98
811,BACUNI_04238,-0.69625463243516,6.88693577987571e-08,-2.37551099545589,4.6628112630570706e-46
812,BACUNI_02391,0.602856940674368,7.06155828695482e-08,2.58510983779841,3.14234342137902e-104
813,BACUNI_04654,0.593466657898279,7.096008251431e-08,1.56274454380664,2.79296679048632e-38
814,BACUNI_03105,-0.715194411071188,7.16064111356408e-08,-1.50864499090511,9.923545080917771e-54
815,BACUNI_02889,0.723615655658357,7.43059066894798e-08,-1.81450581124388,2.0922826319620204e-09
816,BACUNI_03385,-0.922638593707799,7.67579953165115e-08,2.17089731979838,6.55202371060168e-19
817,BACUNI_00676,0.518172687230194,7.9324128466066e-08,1.44870413491639,4.65050375100765e-117
818,BACUNI_01078,-0.54417295254266,9.51069873602461e-08,0.950013768248243,1.0336353021056e-07
819,BACUNI_01816,0.539921809496235,1.05904873131047e-07,-3.27041079325063,9.34453314749222e-86
820,BACUNI_01673,1.4857667372889,1.28194485390817e-07,2.51585206135323,1.6805245040647e-27
821,BACUNI_01383,0.520504643699116,1.30789693035563e-07,2.93180616454941,1.50874006849884e-210
822,BACUNI_00100,0.872241091069199,1.49723042346875e-07,2.33024465182973,1.10882716940798e-162
823,BACUNI_04568,0.76772289040964,1.55562130840256e-07,-2.22096458090298,4.0893736238084596e-255
824,BACUNI_01289,-0.759950605849586,1.57804934323431e-07,-1.4873804568978,9.780655230816751e-15
825,BACUNI_04678,-0.574040695890442,1.5900137593035e-07,-0.743763627225078,1.54359267445432e-16
826,BACUNI_01876,0.551971551026643,1.60276059620269e-07,1.38645871302301,1.02658868018119e-44
827,BACUNI_00623,0.651649463241302,2.27300288360042e-07,1.32115201124429,8.27903684905993e-26
828,BACUNI_01610,0.560412146147037,2.54253107602678e-07,1.11551033334479,9.23180990374459e-13
829,BACUNI_04070,-0.511597042486063,2.57321581428848e-07,0.657264357600863,0.0038762969059167
830,BACUNI_00775,-1.11194993915876,2.82510807580518e-07,-3.55076513579651,2.9158334853875e-46
831,BACUNI_03392,0.864429566994978,4.06878933394497e-07,1.83589685531661,8.70355455901811e-58
832,BACUNI_03927,-0.56898673886997,4.12500330203483e-07,-1.34575233837405,2.60734391296686e-06
833,BACUNI_02801,-0.628355579415032,4.14414593216775e-07,-0.992673642952111,2.11215485773617e-31
834,BACUNI_02791,0.87440095429292,9.72016473532161e-07,1.13645256234598,3.15725717043724e-30
835,thiC,-0.557463157052847,9.97937868446884e-07,-2.01385660224902,4.09015386539898e-92
836,BACUNI_01251,-0.871326506124984,1.28387569348694e-06,-1.21769392049076,6.09569005260389e-71
837,BACUNI_03932,-0.582345378652704,1.49052564615699e-06,-0.824347961437936,8.383849944926139e-12
838,BACUNI_01907,-0.509985248218534,1.51919862118128e-06,-0.781959467350478,0.0285235048783677
839,rplL,-0.745947028781291,1.5873482422393e-06,-2.52311133344856,0.0
840,BACUNI_02848,0.821493707728433,1.76381714184103e-06,-0.948729059275331,5.07318610012759e-24
841,BACUNI_00064,0.508816591269831,2.05529888091104e-06,1.94464688163482,2.50685694381121e-06
842,hisF,-0.548996366938795,2.69539468181045e-06,-2.81231857130501,2.62673502950272e-220
843,BACUNI_04506,0.603824658453352,5.00712680684945e-06,1.50892148382222,7.15316341385119e-102
844,BACUNI_00376,1.02515026611105,6.86792976752396e-06,2.6048494882501,1.7706740124486002e-61
845,BACUNI_00171,0.787545142197125,9.07468274011351e-06,1.35027451250701,1.59301608784014e-19
846,BACUNI_03149,1.73385546271853,9.29624315036389e-06,1.82714798250281,8.912909728908551e-35
847,rpmC,-0.740178192985812,1.06189461414438e-05,-2.77440387219918,2.0154884398959e-157
848,BACUNI_01186,-0.578657074347987,1.23699105535417e-05,-1.16624265331239,6.847035368064449e-33
849,BACUNI_00964,1.28519477068196,1.30496998082817e-05,-2.48537614733937,5.38494335539546e-39
850,BACUNI_01408,0.734255868805871,1.32685381517007e-05,1.20693216918002,6.574088971344221e-61
851,BACUNI_02377,1.06232301367221,1.45549462733141e-05,3.18955876835517,1.6993178195242e-295
852,BACUNI_04569,-0.723823438124267,3.39212727225509e-05,-1.31953226779652,1.25485391900208e-12
853,BACUNI_00089,0.692093911366079,4.49539403706885e-05,0.894599910770483,3.5922071131683297e-12
854,BACUNI_03032,0.548812497476892,0.0002114025186073,0.788321222960257,5.17236026737033e-19
855,BACUNI_03509,-0.680391058751052,0.0444799266552611,2.39174493259188,4.70023917919012e-72
